Dodge,1179,20001,60851,30659
Chevrolet,1173,20001,82800,32052
Ford,1001,20001,69600,37601
Volkswagen,851,20001,69600,31385
Toyota,850,21000,85600,34156
Mitsubishi,775,20001,53600,33153
Mercedes-B,756,21000,85250,35210
Oldsmobile,737,22000,71580,40101
Chrysler,710,20001,51800,31706
Cadillac,618,22000,85800,42372
Lexus,594,22000,69700,40753
Volvo,572,20001,82600,31953
Mercury,557,21000,71990,36448
Honda,546,21000,54501,31840
Nissan,537,20001,75700,34614
BMW,436,21000,69500,32699
Acura,436,21000,45501,29499
Pontiac,409,20001,69801,40591
Plymouth,405,20001,75501,36729
Saturn,370,20001,61800,40435
Subaru,300,22000,57500,31265
Porsche,262,20001,32600,25176
Buick,261,20001,62801,44513
Lincoln,257,20001,82500,43467
Audi,241,24000,85500,31686
Saab,185,23000,69980,39012
Infiniti,158,21000,51900,32560
Jeep,135,21000,60500,29706
Hyundai,135,20001,26501,22069
Jaguar,112,20001,45501,29411
